{
	"type":"object",
	"properties": {
		"planCostShares": {
			"type":"object",
			"properties":{
				"deductible": {"type": "number", "default": 500},
				"_org": {"type": "string"},
				"copay": {"type": "number"},
				"objectId": {"type": "string"},
				"objectType": {"type": "string"},
			},
			"required":[
				"deductible",
				"_org",
				"copay",
				"objectId",
				"objectType"
			],
			"additionalProperties": false
		},
		"linkedPlanServices": {
			"type":"array",
			"items":{
				"type": "object",
				"properties":{
					"linkedService": {
						"type": "object",
						"properties":{
							"_org": {"type": "string"},
							"objectId": {"type": "string"},
							"objectType": {"type": "string"},
							"name": {"type": "string"}
						},
						"required":[
							"_org",
							"objectId",
							"objectType",
							"name"
						],
						"additionalProperties": false
						
					},
					"planserviceCostShares": {
						"type": "object",
						"properties":{
							"deductible": {"type": "number", "default": 10},
							"_org": {"type": "string"},
                            "copay": {"type": "number", "default": 0},
							"objectId": {"type": "string"},
							"objectType": {"type": "string"}
						},
						"required":[
							"deductible",
							"_org",
                          	"copay",
							"objectId",
							"objectType",
						],
						"additionalProperties": false
					},
					"_org": {"type": "string"},
					"objectId": {"type": "string"},
					"objectType": {"type": "string"}
				},
				"required":[
					"linkedService",
					"planserviceCostShares",
					"_org",
					"objectId",
					"objectType"
				],
				"additionalProperties": false
			}
			
		},

		"_org": {"type": "string"},
		"objectId": {"type": "string"},
		"objectType": {"type": "string"},
		"planType": {"type": "string"},
		"creationDate": {"type": "string"}

	},
	"required":[
		"planCostShares",
		"linkedPlanServices",
		"_org",
		"objectId",
		"objectType",
		"planType",
		"creationDate"
	],
	"additionalProperties": false
}